Max Drift,Rapport Period,Amortization Period,Avg. Error,Median Error,Max Absolute Error,Error Standard Deviation
10,10000000,5000000,-209.52426255347893,-162.0,3570,341.3115043032278
10,20000000,5000000,-293.3021745910238,-261,1447,241.83542835884091
10,30000000,5000000,-382.4436995406955,-360,1435,258.27767126852876
10,40000000,5000000,-455.01018739059316,-450,1412,275.3491006484352
10,50000000,5000000,-591.0412192587461,-586.0,1705,348.8041338521735
10,60000000,5000000,-688.6864583938215,-680.0,2056,401.4337780562554
