Max Drift,Rapport Period,Amortization Period,Avg. Error,Median Error,Max Absolute Error,Error Standard Deviation
20,10000000,5000000,-352.12865908579147,-280.0,7647,592.2198559499559
20,20000000,5000000,-548.275451478468,-544,1374,265.11521424346176
20,30000000,5000000,-678.1771501925546,-679,1786,355.74973790141496
20,40000000,5000000,-908.5047064225449,-909.0,1988,436.8608213213583
20,50000000,5000000,-1200.1942439812944,-1118.0,5859,837.4797077213378
20,60000000,5000000,-1314.3319590023518,-1315,2960,669.8792953337653
