Max Drift,Rapport Period,Amortization Period,Avg. Error,Median Error,Max Absolute Error,Error Standard Deviation
30,10000000,5000000,-463.02843068261785,-441,1633,216.12293361024783
30,20000000,5000000,-789.4984407779101,-788.0,2093,335.1097692328127
30,30000000,5000000,-1154.3813721295107,-1151,2998,506.4012691020883
30,40000000,5000000,-1333.876825943464,-1335,2743,630.5518455540416
30,50000000,5000000,-1688.5984931585936,-1689.0,3674,804.2897992207107
30,60000000,5000000,-2140.6676635405474,-2029,8669,1336.5389448735389
