Max Drift,Rapport Period,Amortization Period,Avg. Error,Median Error,Max Absolute Error,Error Standard Deviation
40,10000000,5000000,-683.6460356328633,-642,4551,361.3579593329205
40,20000000,5000000,-1017.2609003798832,-1017.0,3423,398.8403756172586
40,30000000,5000000,-1554.0500057051574,-1444.0,10093,1138.0851020886194
40,40000000,5000000,-1737.1028238535268,-1738.0,3617,830.2231048022659
40,50000000,5000000,-2256.0085734080017,-2256.0,4575,1065.9283402716694
40,60000000,5000000,-2681.292122760663,-2682,5508,1287.38426201887
