Max Drift,Rapport Period,Amortization Period,Avg. Error,Median Error,Max Absolute Error,Error Standard Deviation
50,10000000,5000000,-800.4313499211889,-789.0,2010,248.16938804895324
50,20000000,5000000,-1343.7370151961895,-1344.0,2864,481.34530620577056
50,30000000,5000000,-1838.0331193838254,-1816,10952,837.6277475176832
50,40000000,5000000,-2295.2603305785124,-2296.0,4460,1028.4627961311128
50,50000000,5000000,-2719.0125288683603,-2719.0,5331,1308.4019095567896
50,60000000,5000000,-3232.553674613084,-3232,6604,1599.7324439867136
