Max Drift,Rapport Period,Amortization Period,Avg. Error,Median Error,Max Absolute Error,Error Standard Deviation
10,10000000,5000000,-1753.788457739523,-1645,8217,1153.4738422645737
10,20000000,5000000,-1731.2065581210643,-1722.0,6213,893.8894742896758
10,30000000,5000000,-1853.09095057468,-1819,5527,876.6840452883858
10,40000000,5000000,-2054.411651655097,-2079.0,5892,955.3807008547915
10,50000000,5000000,-2111.307994114762,-2075,5774,902.6916873648937
10,60000000,5000000,-2176.5496243000957,-2153,7641,906.7540157210955
