Max Drift,Rapport Period,Amortization Period,Avg. Error,Median Error,Max Absolute Error,Error Standard Deviation
20,10000000,5000000,-1886.6083029943838,-1824,7182,994.1681306944164
20,20000000,5000000,-2050.0706870142394,-2056.0,6263,911.839033925071
20,30000000,5000000,-2321.3022559393094,-2335,6745,919.8719394540257
20,40000000,5000000,-2754.160819300611,-2590,8403,1390.4963714240112
20,50000000,5000000,-2732.1496451445387,-2752.0,4958,984.1321892779516
20,60000000,5000000,-2878.894913975687,-2878,5300,1068.8072047233945
