Max Drift,Rapport Period,Amortization Period,Avg. Error,Median Error,Max Absolute Error,Error Standard Deviation
30,10000000,5000000,-1971.3235858642881,-2072.0,14051,1467.1803850330573
30,20000000,5000000,-2282.5642123773328,-2299.5,4134,913.0552165622041
30,30000000,5000000,-2565.543007072781,-2567.0,4693,981.8972483651298
30,40000000,5000000,-3079.8367469879518,-3038.0,7018,1188.8440732846273
30,50000000,5000000,-3178.4530060004618,-3183.0,5725,1147.066741416919
30,60000000,5000000,-3506.4267602773507,-3508,6472,1277.3677062170784
