Max Drift,Rapport Period,Amortization Period,Avg. Error,Median Error,Max Absolute Error,Error Standard Deviation
40,10000000,5000000,-2040.7640068870135,-2140,11889,1573.2262916777645
40,20000000,5000000,-2573.6485221535145,-2546.0,5123,970.0325631489311
40,30000000,5000000,-2901.0824754028235,-2911,5327,1046.4830730030658
40,40000000,5000000,-3350.4393070215697,-3354.0,6048,1185.6648595181866
40,50000000,5000000,-3897.743306405078,-3900.0,7227,1363.0401746488312
40,60000000,5000000,-4186.203423763238,-4188,7682,1528.2497237951095
