Max Drift,Rapport Period,Amortization Period,Avg. Error,Median Error,Max Absolute Error,Error Standard Deviation
50,10000000,5000000,-2303.6947329795644,-2301.0,5318,1022.7576295274058
50,20000000,5000000,-2712.139696496951,-2716,4842,977.3238595801521
50,30000000,5000000,-3304.0807642948807,-3311,6185,1142.2980180883405
50,40000000,5000000,-3935.501649218414,-3890,9640,1446.507131700511
50,50000000,5000000,-4250.540765102995,-4252.5,7936,1555.7973473964971
50,60000000,5000000,-4728.25401752045,-4729.0,8755,1801.7147841405776
